C1,C2,C3,C4,C5,C6,C7,C8,C9,C10,C11,C12,C13,C14,C15,C16,C17,C18,C19,C20,C21,C22,C23,C24,C25,C26,I1,I2,I3,I4,I5,I6,I7,I8,I9,I10,I11,I12,I13,label
0,4,96,146,1,4,163,1,1,72,117,127,157,7,127,126,8,66,0,0,3,0,1,96,0,0,0.0,1.3862943611198906,5.564520407322694,0.0,9.77956697061665,0.0,0.0,3.5263605246161616,0.0,0.0,0.0,0.0,0.0,0
11,1,98,98,1,6,179,0,1,89,58,97,79,7,72,26,7,52,0,0,47,0,7,112,0,0,0.0,-1.0,2.995732273553991,3.58351893845611,10.31731757697592,5.5134287461649825,0.6931471805599453,3.58351893845611,5.081404364984463,0.0,0.6931471805599453,0.0,3.58351893845611,0
0,18,39,52,3,4,140,2,1,93,31,122,16,7,129,97,8,49,0,0,25,0,6,53,0,0,0.0,0.0,1.0986122886681098,2.5649493574615367,7.607878073278507,5.10594547390058,1.9459101490553132,3.58351893845611,6.261491684321042,0.0,1.3862943611198906,0.0,2.9444389791664403,0
0,45,7,117,1,0,164,1,0,20,61,104,36,1,43,43,8,37,0,0,156,0,0,32,0,0,0.0,2.6390573296152584,0.6931471805599453,1.6094379124341003,9.7313341246578,5.303304908059076,1.791759469228055,1.6094379124341003,3.4011973816621555,0.0,1.0986122886681098,0.0,1.6094379124341003,0
0,11,59,77,1,5,18,1,1,45,171,162,96,4,36,121,8,14,5,3,9,0,0,5,1,47,0.0,0.0,4.653960350157523,3.332204510175204,7.596392304064196,4.962844630259907,1.6094379124341003,3.4965075614664802,3.6375861597263857,0.0,0.6931471805599453,0.0,3.332204510175204,0
11,11,106,97,1,0,30,7,1,35,21,41,60,7,133,8,8,105,5,3,77,0,0,13,1,34,0.0,-1.0,4.1588830833596715,3.713572066704308,7.293697720601438,4.127134385045092,1.6094379124341003,3.6375861597263857,3.8501476017100584,0.0,0.6931471805599453,0.0,3.713572066704308,0
0,14,168,6,1,0,149,1,1,30,10,14,49,1,39,52,4,46,18,3,58,0,2,41,3,71,0.0,5.916202062607435,1.6094379124341003,0.6931471805599453,7.488852955733459,4.189654742026425,2.70805020110221,3.258096538021482,6.194405391104672,0.0,2.0794415416798357,0.0,3.258096538021482,0
0,23,31,36,3,0,93,1,1,53,102,16,141,7,96,55,8,80,5,1,128,0,0,12,16,17,2.995732273553991,2.3978952727983707,3.4339872044851463,2.3978952727983707,0.6931471805599453,1.3862943611198906,3.5263605246161616,3.871201010907891,4.844187086458591,1.3862943611198906,1.791759469228055,0.0,1.0986122886681098,1
16,7,141,85,1,6,34,1,1,30,145,15,0,2,31,122,8,57,0,0,113,0,9,12,0,0,0.0,0.0,3.6109179126442243,3.1354942159291497,8.452121194672523,5.384495062789089,2.302585092994046,3.58351893845611,4.912654885736052,0.0,0.6931471805599453,0.0,3.784189633918261,0
0,35,157,63,4,4,72,1,1,1,75,34,4,0,147,48,0,95,5,2,28,0,8,34,11,74,1.0986122886681098,2.4849066497880004,2.1972245773362196,3.1780538303479458,3.4339872044851463,2.4849066497880004,1.0986122886681098,2.1972245773362196,3.1780538303479458,0.6931471805599453,0.6931471805599453,0.0,2.4849066497880004,0
0,85,137,59,1,4,7,4,1,62,43,149,95,1,32,143,8,29,23,1,5,0,2,19,16,20,1.0986122886681098,0.6931471805599453,5.25227342804663,3.258096538021482,2.1972245773362196,3.295836866004329,1.0986122886681098,3.332204510175204,3.258096538021482,0.6931471805599453,0.6931471805599453,0.0,3.258096538021482,0
0,77,27,127,1,3,101,7,1,0,38,90,134,4,90,71,8,5,31,2,4,2,0,35,16,24,0.0,1.0986122886681098,1.0986122886681098,0.6931471805599453,8.618666160346871,0.6931471805599453,3.7376696182833684,0.6931471805599453,3.5263605246161616,0.0,1.791759469228055,0.0,0.6931471805599453,0
0,88,122,43,1,4,134,7,1,19,78,99,75,7,27,37,8,68,0,0,46,0,8,22,0,0,0.0,1.791759469228055,0.0,0.0,9.821463717057537,6.135564891081739,3.1780538303479458,1.6094379124341003,5.44673737166631,0.0,1.0986122886681098,0.0,0.0,0
11,18,0,0,1,4,25,1,1,122,77,0,62,7,84,0,8,75,0,0,0,0,0,0,0,0,2.1972245773362196,-1.0,0.0,0.0,6.597145701886651,1.0986122886681098,3.1354942159291497,1.0986122886681098,1.0986122886681098,0.6931471805599453,1.6094379124341003,0.0,0.0,0
10,47,47,29,4,5,102,1,1,25,115,87,25,6,138,145,6,50,0,0,79,0,8,44,0,0,0.0,0.0,3.2188758248682006,3.6109179126442243,8.521782643750045,6.07993319509559,3.258096538021482,3.4965075614664802,5.262690188904886,0.0,2.302585092994046,0.0,3.6109179126442243,1
0,19,60,139,1,5,142,1,0,130,25,54,150,1,155,84,8,39,5,1,42,5,0,15,1,5,0.0,4.418840607796598,3.044522437723423,1.6094379124341003,13.136924842795242,0.0,0.0,1.6094379124341003,1.6094379124341003,0.0,0.0,0.0,1.6094379124341003,0
9,39,121,128,6,4,45,1,1,70,76,154,135,7,161,10,8,53,0,0,76,0,1,87,0,0,0.0,3.2188758248682006,1.3862943611198906,1.0986122886681098,9.229750765496005,0.0,0.0,3.4965075614664802,4.02535169073515,0.0,0.0,0.0,1.0986122886681098,0
0,19,166,39,1,4,109,5,1,30,140,10,18,7,45,19,5,39,5,1,88,0,7,76,1,68,0.0,4.663439094112067,1.6094379124341003,0.6931471805599453,7.696667081526462,0.0,0.0,0.6931471805599453,0.6931471805599453,0.0,0.0,0.0,0.6931471805599453,0
18,10,105,46,1,4,28,1,1,38,9,142,81,1,163,68,6,117,5,3,32,0,2,35,15,24,1.791759469228055,4.454347296253507,3.970291913552122,1.9459101490553132,3.6109179126442243,3.6109179126442243,3.4339872044851463,3.2188758248682006,5.641907070938114,0.6931471805599453,1.791759469228055,1.0986122886681098,1.9459101490553132,1
11,17,35,60,1,5,9,7,1,91,154,38,91,2,5,160,0,12,0,0,92,0,2,42,0,0,1.0986122886681098,1.3862943611198906,1.6094379124341003,0.6931471805599453,1.6094379124341003,0.6931471805599453,1.0986122886681098,0.6931471805599453,0.6931471805599453,0.6931471805599453,0.6931471805599453,0.0,0.6931471805599453,0
16,30,113,118,1,5,124,1,0,102,13,124,126,4,41,69,8,61,25,2,165,0,0,56,12,73,0.0,0.6931471805599453,1.791759469228055,3.6109179126442243,12.38723519760423,0.0,0.0,0.0,4.820281565605037,0.0,0.0,0.0,4.143134726391533,0
0,49,73,154,6,4,49,1,1,30,50,143,98,2,125,38,5,92,32,3,67,0,7,37,2,7,0.0,1.6094379124341003,0.0,0.0,7.360739903058278,0.0,0.0,2.8903717578961645,4.02535169073515,0.0,0.0,0.0,0.0,0
11,18,154,133,1,1,116,0,1,30,132,157,148,1,40,142,5,106,0,0,59,0,0,83,0,0,0.0,0.0,0.0,0.0,7.289610521451167,1.6094379124341003,1.791759469228055,1.3862943611198906,1.6094379124341003,0.0,0.6931471805599453,0.0,0.0,0
9,28,138,51,1,4,54,2,1,39,74,83,9,10,88,23,8,71,0,0,70,0,1,18,0,0,0.0,3.784189633918261,1.0986122886681098,1.3862943611198906,7.438971592395862,3.091042453358316,1.9459101490553132,2.3978952727983707,3.091042453358316,0.0,0.6931471805599453,0.0,2.0794415416798357,1
11,18,100,73,1,5,59,4,1,30,8,63,153,1,35,12,8,2,0,0,130,0,2,105,0,0,0.0,0.6931471805599453,1.0986122886681098,0.6931471805599453,7.986164860332727,3.6888794541139363,2.8903717578961645,1.3862943611198906,6.082218910376446,0.0,2.0794415416798357,0.0,0.6931471805599453,0
9,58,69,151,1,5,43,1,1,105,96,130,15,7,13,88,0,60,0,0,108,0,0,91,0,0,2.302585092994046,0.6931471805599453,1.0986122886681098,1.791759469228055,2.9444389791664403,1.791759469228055,2.302585092994046,1.791759469228055,1.791759469228055,0.6931471805599453,0.6931471805599453,0.0,1.791759469228055,1
0,18,52,105,1,4,96,7,0,47,16,153,23,4,55,157,0,93,0,0,121,5,0,2,0,0,0.0,0.6931471805599453,1.0986122886681098,2.833213344056216,9.575330647518628,4.382026634673881,1.0986122886681098,2.833213344056216,4.6443908991413725,0.0,0.6931471805599453,0.0,2.833213344056216,0
0,13,61,136,1,1,53,1,1,30,129,102,143,1,10,144,4,69,43,2,106,0,8,10,16,49,0.0,3.295836866004329,2.0794415416798357,0.6931471805599453,8.135346948906706,4.653960350157523,2.3978952727983707,1.0986122886681098,1.9459101490553132,0.0,0.6931471805599453,0.6931471805599453,0.6931471805599453,0
5,80,140,126,1,6,5,2,1,41,114,49,155,2,49,44,8,124,26,1,145,0,0,51,17,9,2.1972245773362196,-1.0,4.110873864173311,2.4849066497880004,2.4849066497880004,2.0794415416798357,2.302585092994046,3.4339872044851463,3.6888794541139363,0.6931471805599453,1.0986122886681098,0.0,2.0794415416798357,0
6,71,40,82,6,4,104,1,1,30,34,56,1,7,22,3,0,30,29,2,136,5,1,107,2,78,0.0,0.6931471805599453,2.6390573296152584,0.6931471805599453,8.055475141757274,5.099866427824199,0.6931471805599453,0.6931471805599453,3.4965075614664802,0.0,0.6931471805599453,0.0,0.6931471805599453,0
11,48,151,27,5,6,35,7,1,69,40,93,65,7,102,107,7,3,5,1,157,0,6,33,19,17,0.6931471805599453,5.713732805509369,4.276666119016055,1.3862943611198906,5.602118820879701,2.995732273553991,0.6931471805599453,1.9459101490553132,2.995732273553991,0.6931471805599453,0.6931471805599453,0.0,2.995732273553991,0
4,38,103,92,1,3,131,1,1,138,41,68,40,2,156,36,8,70,5,2,133,0,0,77,5,58,0.6931471805599453,0.0,0.6931471805599453,0.0,1.0986122886681098,0.0,1.6094379124341003,0.0,0.0,0.6931471805599453,1.0986122886681098,0.0,0.0,1
0,27,155,69,7,6,36,3,1,12,32,112,37,1,18,100,8,77,5,2,64,3,0,28,17,4,2.4849066497880004,5.529429087511423,2.302585092994046,1.791759469228055,3.091042453358316,1.9459101490553132,3.5553480614894135,1.791759469228055,1.791759469228055,0.6931471805599453,1.6094379124341003,0.0,1.791759469228055,0
1,30,10,44,6,6,163,1,1,113,117,33,157,1,150,65,8,61,9,3,137,0,8,62,1,61,2.3978952727983707,0.6931471805599453,1.6094379124341003,1.6094379124341003,0.6931471805599453,0.0,2.3978952727983707,1.6094379124341003,1.6094379124341003,0.6931471805599453,0.6931471805599453,0.0,0.0,1
0,56,72,1,1,4,52,2,1,107,139,44,93,7,114,16,6,11,3,3,12,0,0,84,12,70,0.0,-1.0,0.6931471805599453,3.1780538303479458,8.061486866871327,4.997212273764115,4.143134726391533,0.0,6.625392368007956,0.0,2.302585092994046,0.6931471805599453,3.6888794541139363,0
0,30,61,136,9,4,37,1,1,36,18,102,140,1,65,144,7,91,43,2,106,0,0,10,16,49,0.0,3.58351893845611,2.6390573296152584,1.791759469228055,8.505120610181969,4.948759890378168,0.6931471805599453,3.1354942159291497,4.127134385045092,0.0,0.6931471805599453,0.0,2.4849066497880004,0
11,13,130,155,5,0,3,7,0,40,88,62,100,7,104,99,0,69,18,2,33,0,0,35,17,24,0.0,0.6931471805599453,2.6390573296152584,1.0986122886681098,10.99986401026266,5.680172609017068,0.0,1.0986122886681098,4.477336814478207,0.0,0.0,0.0,1.0986122886681098,0
14,40,56,34,1,5,81,1,1,112,42,161,139,1,144,148,7,123,5,2,63,0,0,122,16,18,0.0,0.0,0.0,0.6931471805599453,9.725138096494574,1.0986122886681098,0.6931471805599453,0.6931471805599453,0.6931471805599453,0.0,0.6931471805599453,0.0,0.6931471805599453,1
21,66,51,24,1,4,11,2,1,18,2,50,124,3,117,134,8,112,0,0,17,0,1,99,0,0,0.0,5.3612921657094255,0.0,0.0,7.398174092970465,4.189654742026425,3.2188758248682006,0.6931471805599453,4.736198448394496,0.0,1.9459101490553132,0.0,0.0,1
18,10,93,33,1,0,172,1,1,67,11,42,137,7,143,51,3,117,24,3,101,0,6,79,15,21,2.3978952727983707,2.4849066497880004,1.3862943611198906,1.3862943611198906,6.934397209928558,1.3862943611198906,4.48863636973214,1.3862943611198906,4.882801922586371,0.6931471805599453,2.772588722239781,0.0,1.3862943611198906,0
24,25,34,62,6,3,67,2,1,30,100,82,110,2,164,130,5,13,5,1,109,0,7,114,16,88,0.0,1.791759469228055,3.1354942159291497,1.791759469228055,9.242323417829233,0.0,0.0,1.791759469228055,2.6390573296152584,0.0,0.0,0.0,1.791759469228055,0
11,84,104,71,1,4,74,1,1,30,20,76,149,1,121,167,7,7,18,3,114,3,2,35,11,24,0.0,6.659293919683638,0.6931471805599453,0.6931471805599453,6.517671272912275,0.0,0.0,1.6094379124341003,1.6094379124341003,0.0,0.0,0.0,0.6931471805599453,0
25,18,25,122,5,4,97,8,1,131,146,11,160,2,8,62,1,9,0,0,147,0,0,116,0,0,0.0,5.19295685089021,4.127134385045092,0.0,8.106816038947052,0.0,0.0,0.6931471805599453,0.0,0.0,0.0,0.0,0.0,0
16,5,114,76,1,4,114,4,1,10,155,150,151,5,141,132,6,45,37,1,60,5,3,12,16,59,0.6931471805599453,0.6931471805599453,1.791759469228055,2.0794415416798357,7.122059881629142,2.6390573296152584,2.302585092994046,2.772588722239781,4.499809670330265,0.0,1.3862943611198906,0.0,2.0794415416798357,0
0,5,75,12,1,4,46,1,1,83,161,52,103,7,57,136,4,40,26,3,97,0,6,35,16,24,1.0986122886681098,4.290459441148391,3.044522437723423,2.4849066497880004,1.6094379124341003,2.4849066497880004,3.2188758248682006,2.70805020110221,4.248495242049359,0.6931471805599453,2.0794415416798357,0.0,2.4849066497880004,0
10,30,21,153,4,0,80,1,1,30,119,147,43,7,91,110,7,61,5,2,107,0,0,106,11,40,0.0,4.060443010546419,4.110873864173311,3.044522437723423,9.381179591661104,3.044522437723423,0.6931471805599453,2.995732273553991,3.044522437723423,0.0,0.6931471805599453,0.0,3.044522437723423,0
0,35,102,67,6,3,151,7,1,98,67,156,35,0,147,164,8,95,5,2,36,0,0,74,11,65,1.6094379124341003,0.6931471805599453,3.4011973816621555,3.4339872044851463,4.727387818712341,3.4339872044851463,3.332204510175204,3.5263605246161616,4.976733742420574,1.0986122886681098,1.6094379124341003,0.0,3.4339872044851463,0
12,13,126,124,1,0,71,1,1,65,0,81,13,12,44,118,6,69,18,3,104,0,0,35,17,24,1.0986122886681098,1.6094379124341003,3.9889840465642745,2.70805020110221,7.313220387090301,3.044522437723423,2.4849066497880004,2.995732273553991,4.59511985013459,0.0,1.3862943611198906,2.0794415416798357,2.70805020110221,0
0,72,89,132,5,5,144,7,1,30,57,17,107,1,119,33,5,38,5,1,141,0,7,71,9,29,0.0,1.791759469228055,1.3862943611198906,1.791759469228055,9.76457025334946,0.0,0.0,2.1972245773362196,2.1972245773362196,0.0,0.0,0.0,1.9459101490553132,0
13,16,19,25,1,4,63,12,1,30,69,137,109,2,66,6,8,122,0,0,66,0,3,104,0,0,0.0,3.912023005428146,0.6931471805599453,0.6931471805599453,8.044626279767337,4.290459441148391,1.3862943611198906,0.6931471805599453,3.8918202981106265,0.0,0.6931471805599453,0.0,0.6931471805599453,0
0,0,145,70,1,4,41,1,1,7,37,58,10,2,53,94,1,74,5,1,111,0,2,55,17,31,0.0,7.960672608388117,3.1780538303479458,0.0,10.068366195718362,0.0,0.0,1.0986122886681098,3.871201010907891,0.0,0.0,0.0,1.0986122886681098,0
14,18,71,130,1,4,100,1,1,54,156,72,39,8,142,139,0,32,0,0,158,0,1,110,0,0,0.0,4.787491742782046,1.6094379124341003,1.6094379124341003,9.51259080860336,0.0,0.0,2.0794415416798357,3.58351893845611,0.0,0.0,0.0,1.6094379124341003,0
11,42,46,31,2,4,153,1,1,30,33,148,127,2,116,46,1,76,5,1,49,5,9,63,1,55,0.0,3.258096538021482,1.791759469228055,1.6094379124341003,0.0,0.0,0.0,1.6094379124341003,1.6094379124341003,0.0,0.0,0.0,0.6931471805599453,0
10,26,33,19,1,5,85,1,1,31,135,75,158,7,30,115,8,15,0,0,74,0,0,91,0,0,1.0986122886681098,5.198497031265826,4.553876891600541,2.0794415416798357,5.0238805208462765,3.6635616461296463,1.0986122886681098,3.4339872044851463,3.295836866004329,0.6931471805599453,0.6931471805599453,0.0,3.258096538021482,0
21,18,45,81,2,6,133,1,0,30,162,132,53,7,77,34,2,84,0,0,24,0,7,65,0,0,0.0,1.0986122886681098,0.0,0.0,0.0,0.0,0.0,0.0,0.0,0.0,0.0,0.0,0.0,0
11,46,131,76,1,6,51,1,1,74,122,35,30,7,109,141,8,1,5,1,90,0,0,12,16,60,0.0,0.0,2.302585092994046,0.0,9.793002819360856,4.0943445622221,1.0986122886681098,0.0,4.59511985013459,0.0,0.6931471805599453,0.0,0.0,0
0,18,90,149,1,4,50,1,1,77,103,30,138,1,145,15,8,43,0,0,146,0,2,82,0,0,2.0794415416798357,4.442651256490317,0.0,2.0794415416798357,2.3978952727983707,1.9459101490553132,3.4011973816621555,3.7376696182833684,5.666426688112432,0.6931471805599453,1.6094379124341003,0.0,1.791759469228055,0
0,84,95,15,1,4,137,1,1,37,110,18,63,7,25,17,6,7,4,3,20,0,6,17,16,87,0.0,0.0,0.6931471805599453,0.0,8.207401833376355,3.7612001156935624,1.0986122886681098,3.4339872044851463,3.6375861597263857,0.0,0.6931471805599453,0.6931471805599453,0.0,0
0,30,165,147,1,6,26,1,1,111,131,131,58,1,150,41,8,61,27,2,143,5,2,35,1,35,1.791759469228055,0.6931471805599453,3.8501476017100584,1.9459101490553132,6.953684210870537,4.727387818712341,1.791759469228055,3.784189633918261,4.718498871295094,0.6931471805599453,0.6931471805599453,0.0,1.9459101490553132,0
16,0,1,129,1,4,92,1,0,120,54,145,133,1,110,81,1,74,5,1,87,0,1,45,16,77,0.0,2.0794415416798357,1.6094379124341003,1.3862943611198906,11.228066071675364,0.0,0.0,1.3862943611198906,1.3862943611198906,0.0,0.0,0.0,1.3862943611198906,0
11,18,13,116,10,0,159,1,0,30,72,79,93,7,4,57,2,48,0,0,116,0,0,60,0,0,0.0,4.007333185232471,0.6931471805599453,0.6931471805599453,0.0,0.0,0.0,0.6931471805599453,0.6931471805599453,0.0,0.0,0.0,0.6931471805599453,1
11,13,36,18,1,0,108,1,0,30,164,129,72,7,104,54,2,69,24,3,129,0,0,46,17,33,0.0,0.0,3.5553480614894135,1.3862943611198906,0.0,0.0,0.0,1.3862943611198906,1.3862943611198906,0.0,0.0,0.0,1.3862943611198906,0
0,46,158,151,1,6,55,1,1,30,125,70,67,2,9,88,7,1,5,1,108,0,0,91,16,50,0.0,0.6931471805599453,0.6931471805599453,0.0,8.963800242855577,4.787491742782046,0.6931471805599453,2.995732273553991,3.4339872044851463,0.0,0.6931471805599453,0.0,0.0,1
20,54,120,121,3,5,128,5,1,117,141,36,22,2,108,120,6,47,5,1,22,5,3,32,16,56,1.0986122886681098,1.791759469228055,2.4849066497880004,2.302585092994046,3.2188758248682006,2.302585092994046,4.709530201312334,2.302585092994046,5.003946305945459,0.6931471805599453,2.3978952727983707,0.0,2.302585092994046,0
16,32,50,94,1,5,129,1,1,114,138,73,84,1,73,129,8,87,0,0,151,0,0,49,0,0,0.0,2.995732273553991,0.6931471805599453,0.6931471805599453,8.919586920999915,2.302585092994046,2.302585092994046,0.6931471805599453,2.302585092994046,0.0,0.6931471805599453,0.0,0.6931471805599453,0
0,46,18,151,1,6,13,2,1,84,105,70,47,2,9,88,8,1,5,1,108,3,6,91,16,50,1.6094379124341003,0.0,4.882801922586371,0.6931471805599453,0.0,0.6931471805599453,2.70805020110221,2.3978952727983707,3.713572066704308,0.6931471805599453,1.3862943611198906,0.0,0.0,0
0,18,63,79,1,6,24,2,1,132,64,107,82,7,98,45,8,4,0,0,16,5,1,86,0,0,0.0,1.791759469228055,1.0986122886681098,0.6931471805599453,7.3310603052186325,1.3862943611198906,2.302585092994046,1.0986122886681098,1.0986122886681098,0.0,0.6931471805599453,0.0,0.6931471805599453,1
0,22,78,110,0,4,48,5,1,88,124,121,45,1,154,21,8,113,5,1,11,0,0,94,7,30,0.6931471805599453,0.6931471805599453,1.791759469228055,2.9444389791664403,6.16541785423142,4.1588830833596715,2.772588722239781,1.6094379124341003,6.6895992691789665,0.6931471805599453,1.6094379124341003,0.0,4.1588830833596715,0
0,28,138,51,6,4,31,7,1,14,4,83,33,6,139,23,1,71,0,0,70,3,1,18,0,0,0.0,0.6931471805599453,0.6931471805599453,2.9444389791664403,9.286560397887591,0.0,0.0,0.6931471805599453,5.641907070938114,0.0,0.0,0.0,2.9444389791664403,0
0,89,42,90,3,0,174,1,1,17,113,141,6,7,93,7,8,35,2,3,72,0,0,29,7,13,0.6931471805599453,-1.0,0.0,0.0,6.270988431858299,2.772588722239781,2.1972245773362196,1.0986122886681098,6.373319789577012,0.6931471805599453,1.6094379124341003,0.0,0.0,0
11,18,26,32,1,5,108,12,0,30,164,138,72,2,92,151,2,19,0,0,2,3,3,102,0,0,0.0,2.9444389791664403,2.302585092994046,0.0,0.0,0.0,0.0,2.0794415416798357,2.833213344056216,0.0,0.0,0.0,2.0794415416798357,0
21,45,7,117,0,4,130,4,1,106,85,104,136,7,120,43,8,37,0,0,156,0,0,32,0,0,0.0,1.791759469228055,0.0,2.6390573296152584,9.256078263650036,5.14166355650266,1.6094379124341003,2.6390573296152584,4.574710978503383,0.0,0.6931471805599453,0.0,2.6390573296152584,0
0,90,135,96,1,4,94,0,1,134,44,113,7,7,64,96,7,82,0,0,164,3,1,101,0,0,0.0,3.332204510175204,0.0,0.0,10.231135252930956,0.0,0.0,1.3862943611198906,0.0,0.0,0.0,0.0,0.0,1
3,5,58,103,1,0,99,1,1,79,35,155,130,7,57,165,7,40,5,2,118,0,0,35,13,24,0.0,3.912023005428146,0.0,0.0,8.224967478914584,3.044522437723423,0.6931471805599453,1.3862943611198906,3.044522437723423,0.0,0.6931471805599453,0.0,0.0,0
0,87,87,115,1,3,62,18,1,32,84,140,80,7,6,63,8,79,5,3,112,2,0,117,13,36,0.6931471805599453,2.995732273553991,2.9444389791664403,2.833213344056216,5.187385805840755,3.4965075614664802,3.5553480614894135,3.5553480614894135,5.303304908059076,0.0,2.302585092994046,0.0,2.833213344056216,1
16,53,0,0,1,4,70,1,1,30,94,0,70,4,1,0,7,62,0,0,0,0,0,0,0,0,0.0,0.6931471805599453,1.0986122886681098,1.791759469228055,8.796943893541737,4.653960350157523,0.6931471805599453,2.8903717578961645,4.31748811353631,0.0,0.6931471805599453,0.0,1.791759469228055,1
19,36,146,117,4,0,86,7,1,127,22,152,123,7,82,87,8,20,0,0,1,4,0,32,0,0,0.0,0.6931471805599453,0.0,0.0,10.278905739291996,0.0,0.0,0.0,0.0,0.0,0.0,0.0,0.0,0
0,46,0,0,1,4,78,7,1,118,30,0,69,1,159,0,8,121,5,1,0,0,1,0,16,1,0.0,4.07753744390572,0.0,3.044522437723423,9.983222520554982,6.9411900550683745,2.302585092994046,0.6931471805599453,5.0238805208462765,0.0,1.0986122886681098,0.0,3.784189633918261,0
11,79,164,23,1,4,23,7,1,133,147,159,112,7,103,39,1,101,5,1,38,0,1,36,2,76,0.0,2.4849066497880004,2.4849066497880004,1.791759469228055,8.372398606513004,4.127134385045092,1.6094379124341003,2.70805020110221,4.23410650459726,0.0,1.0986122886681098,0.0,1.791759469228055,0
18,20,109,50,1,5,15,8,0,82,136,94,64,1,67,152,7,110,5,1,99,0,8,85,2,83,0.0,7.848153086199526,1.0986122886681098,0.0,11.05962948242707,5.988961416889864,0.0,2.0794415416798357,4.812184355372417,0.0,0.0,0.0,0.6931471805599453,1
0,11,29,104,1,6,68,1,1,44,99,25,156,4,14,80,8,24,5,2,100,0,0,95,1,39,0.0,3.4339872044851463,1.0986122886681098,2.772588722239781,7.905810312658931,5.351858133476067,1.791759469228055,3.784189633918261,5.493061443340548,0.0,1.0986122886681098,0.0,2.772588722239781,0
16,82,49,14,1,5,1,1,1,56,101,19,118,2,74,76,8,108,0,0,54,0,0,67,0,0,0.0,3.912023005428146,0.0,1.3862943611198906,7.457609289715606,3.044522437723423,0.6931471805599453,2.70805020110221,2.833213344056216,0.0,0.6931471805599453,0.0,1.3862943611198906,0
11,23,31,36,1,4,119,1,1,103,45,16,152,1,153,55,8,80,5,1,128,0,0,12,16,17,0.0,-1.0,0.0,0.0,5.8805329864007,0.0,0.0,2.3978952727983707,2.4849066497880004,0.0,0.0,0.0,0.0,0
17,67,152,3,1,4,132,7,1,6,24,43,87,1,79,29,8,21,0,0,105,0,1,8,0,0,1.0986122886681098,2.0794415416798357,0.0,3.1354942159291497,3.6375861597263857,3.1354942159291497,1.6094379124341003,0.6931471805599453,4.912654885736052,0.6931471805599453,1.3862943611198906,0.0,3.1354942159291497,0
26,46,0,0,1,3,170,2,1,109,7,0,159,7,51,0,8,121,5,1,0,0,0,0,16,69,0.0,4.23410650459726,0.6931471805599453,0.6931471805599453,10.10699966190111,3.784189633918261,1.6094379124341003,2.5649493574615367,4.143134726391533,0.0,0.6931471805599453,0.0,0.6931471805599453,0
11,3,77,49,1,6,138,1,1,64,29,158,119,1,89,72,4,109,5,1,152,0,0,78,1,17,0.0,5.720311776607412,0.6931471805599453,0.0,9.517825071724143,0.0,0.6931471805599453,0.0,0.0,0.0,0.6931471805599453,0.0,0.0,1
23,69,4,131,1,1,42,1,1,137,111,1,32,1,33,74,8,31,0,0,148,0,1,91,0,0,0.0,1.0986122886681098,1.6094379124341003,2.0794415416798357,7.358193752733032,4.2626798770413155,1.6094379124341003,3.7612001156935624,4.770684624465665,0.0,0.6931471805599453,0.0,3.6109179126442243,0
0,18,147,75,1,4,154,1,0,30,70,47,68,1,126,9,2,118,0,0,84,0,7,100,0,0,0.0,0.0,1.3862943611198906,1.0986122886681098,0.0,0.0,0.0,1.3862943611198906,2.6390573296152584,0.0,0.0,0.0,1.0986122886681098,0
16,5,167,86,1,5,90,18,1,63,83,136,154,2,148,5,8,40,5,3,149,0,2,35,15,24,0.0,0.0,1.791759469228055,0.6931471805599453,7.468513271496337,3.6375861597263857,0.6931471805599453,2.1972245773362196,2.4849066497880004,0.0,0.6931471805599453,0.0,0.6931471805599453,0
0,33,23,78,1,1,89,11,1,26,59,80,34,4,29,90,8,97,5,1,7,0,0,32,17,51,1.3862943611198906,3.1354942159291497,2.0794415416798357,2.302585092994046,5.598421958998375,2.4849066497880004,2.5649493574615367,2.772588722239781,6.352629396319567,0.6931471805599453,2.0794415416798357,0.0,2.302585092994046,1
10,12,55,35,1,5,106,1,1,97,53,106,83,1,12,86,4,67,0,0,154,0,2,98,0,0,0.0,0.6931471805599453,0.0,0.0,9.578311275656766,5.796057750765372,2.772588722239781,0.0,6.07073772800249,0.0,2.302585092994046,0.0,0.0,1
9,63,68,45,1,3,103,1,0,139,118,53,115,7,157,124,8,6,0,0,163,0,0,20,0,0,0.0,0.6931471805599453,1.6094379124341003,0.6931471805599453,12.367621604758849,0.0,0.0,1.3862943611198906,0.6931471805599453,0.0,0.0,0.0,0.6931471805599453,0
7,31,129,57,1,4,105,2,1,30,5,111,1,7,167,123,8,125,5,1,19,0,1,31,8,27,0.6931471805599453,1.6094379124341003,4.330733340286331,3.091042453358316,5.5093883366279774,4.248495242049359,0.6931471805599453,3.5263605246161616,3.5263605246161616,0.6931471805599453,0.6931471805599453,0.0,3.4657359027997265,0
0,52,67,68,1,5,136,7,1,30,143,5,56,1,76,79,0,111,0,0,126,0,1,88,0,0,0.0,4.174387269895637,1.3862943611198906,2.0794415416798357,9.598862759354034,3.6635616461296463,1.6094379124341003,2.833213344056216,3.258096538021482,0.0,1.3862943611198906,0.0,2.8903717578961645,1
11,5,28,7,6,0,177,7,1,116,82,55,28,7,57,153,8,40,10,3,115,0,0,21,16,25,0.0,0.0,1.0986122886681098,0.0,8.370547611074752,0.0,2.1972245773362196,0.0,0.0,0.0,0.6931471805599453,0.0,0.0,0
8,58,110,151,6,4,156,1,1,30,81,130,0,7,13,88,8,60,0,0,108,3,0,91,0,0,0.0,0.6931471805599453,1.791759469228055,0.0,9.370671910878523,6.19644412779452,2.3978952727983707,2.6390573296152584,4.948759890378168,0.0,0.6931471805599453,0.0,0.6931471805599453,0
0,19,97,109,4,5,107,1,1,80,158,45,61,7,3,70,8,126,5,3,120,0,0,113,1,67,0.0,3.9889840465642745,2.8903717578961645,1.6094379124341003,7.325148957955575,4.477336814478207,0.6931471805599453,1.791759469228055,2.4849066497880004,0.0,0.6931471805599453,0.0,1.6094379124341003,1
2,65,80,151,1,6,1,1,1,50,101,51,118,7,137,147,8,114,0,0,117,5,0,91,0,0,0.0,0.0,2.0794415416798357,2.70805020110221,8.230044310126114,6.472346294500901,0.0,3.6375861597263857,6.07073772800249,0.0,0.0,0.0,2.70805020110221,0
0,30,83,113,5,0,47,1,1,34,90,29,50,1,150,154,8,61,5,2,75,0,0,35,1,24,0.6931471805599453,0.6931471805599453,2.70805020110221,0.6931471805599453,4.77912349311153,0.6931471805599453,1.6094379124341003,0.6931471805599453,3.4965075614664802,0.6931471805599453,0.6931471805599453,0.0,0.6931471805599453,0
0,81,139,140,1,2,38,1,1,124,156,39,39,1,152,162,4,28,0,0,85,0,1,58,0,0,1.3862943611198906,0.6931471805599453,3.258096538021482,2.302585092994046,7.242082359256962,3.6888794541139363,1.791759469228055,3.4965075614664802,3.6375861597263857,0.0,1.0986122886681098,0.0,2.3978952727983707,0
0,57,150,100,1,5,158,2,1,30,23,37,117,0,0,82,5,55,38,2,13,0,0,52,3,28,0.0,0.0,3.6375861597263857,2.3978952727983707,2.772588722239781,0.0,0.0,2.3978952727983707,2.3978952727983707,0.0,0.0,0.0,2.3978952727983707,0
6,44,53,11,1,5,79,2,1,30,79,65,85,0,101,30,1,116,5,2,62,3,0,108,10,43,0.0,0.0,1.6094379124341003,0.0,9.353141170607854,0.0,0.0,0.0,0.6931471805599453,0.0,0.0,0.0,0.0,0
10,55,169,26,5,5,87,1,1,30,49,168,54,7,54,138,5,59,0,0,103,0,7,25,0,0,0.0,6.212606095751519,0.0,0.0,4.532599493153256,0.0,0.0,0.0,0.0,0.0,0.0,0.0,0.0,0
0,24,99,156,1,4,25,2,1,129,77,91,62,2,75,155,8,34,5,1,53,0,0,123,18,48,2.1972245773362196,2.0794415416798357,3.044522437723423,2.1972245773362196,1.791759469228055,3.1354942159291497,5.153291594497779,3.091042453358316,6.343880434126331,0.6931471805599453,3.091042453358316,0.0,0.0,1
7,29,146,117,1,5,150,1,1,33,153,152,122,5,83,87,8,90,0,0,1,0,3,32,0,0,0.0,1.6094379124341003,0.6931471805599453,0.6931471805599453,5.602118820879701,5.14166355650266,0.6931471805599453,2.995732273553991,5.2832037287379885,0.0,0.6931471805599453,0.0,0.6931471805599453,0
0,5,92,2,1,6,176,1,1,30,82,164,28,7,57,93,5,40,5,3,23,0,0,50,16,80,0.0,1.9459101490553132,3.970291913552122,2.772588722239781,5.950642552587727,0.0,0.0,3.091042453358316,3.091042453358316,0.0,0.0,0.0,2.772588722239781,0
6,74,170,6,1,4,32,1,1,30,86,169,146,1,56,161,7,96,16,2,168,0,0,41,6,71,0.0,4.060443010546419,1.0986122886681098,1.9459101490553132,7.428927194802272,6.311734809152915,1.791759469228055,3.8918202981106265,6.023447592961033,0.0,0.6931471805599453,0.0,4.634728988229636,0
0,41,146,117,1,4,39,4,1,30,156,152,39,1,130,87,5,22,0,0,1,0,1,32,0,0,0.0,4.51085950651685,0.0,0.0,7.283448228756631,0.0,0.0,1.9459101490553132,2.3978952727983707,0.0,0.0,0.0,1.0986122886681098,0
0,21,146,117,6,4,98,7,1,136,126,152,26,7,151,87,0,115,0,0,1,0,0,32,0,0,0.0,3.4011973816621555,1.6094379124341003,1.6094379124341003,9.4129546320379,0.0,0.0,2.995732273553991,4.30406509320417,0.0,0.0,0.0,1.6094379124341003,0
0,43,144,142,1,4,173,1,1,30,159,144,46,11,160,73,0,103,0,0,162,0,1,66,0,0,1.3862943611198906,-1.0,1.3862943611198906,1.0986122886681098,5.655991810819852,1.791759469228055,1.9459101490553132,2.1972245773362196,3.4339872044851463,0.6931471805599453,1.6094379124341003,0.0,1.791759469228055,0
9,30,17,10,11,0,21,1,1,95,47,61,89,7,91,61,0,61,8,1,153,0,0,35,1,24,0.0,1.0986122886681098,1.3862943611198906,0.0,8.535425959677298,0.0,1.9459101490553132,0.0,1.3862943611198906,0.0,1.791759469228055,0.0,0.0,1
0,70,149,66,1,5,77,1,1,85,92,26,41,7,60,95,0,17,0,0,161,3,0,47,0,0,0.0,4.3694478524670215,2.1972245773362196,0.0,10.468914991493703,6.74993119378857,1.0986122886681098,0.0,4.59511985013459,0.0,0.6931471805599453,0.0,0.0,0
0,72,127,152,1,4,8,1,1,140,62,84,19,7,28,114,8,65,5,1,125,1,0,61,9,62,3.6375861597263857,4.736198448394496,7.943072717277933,1.791759469228055,1.0986122886681098,1.3862943611198906,3.295836866004329,3.912023005428146,4.3694478524670215,0.0,0.6931471805599453,0.0,1.3862943611198906,1
0,50,85,111,1,0,126,7,1,30,163,48,24,0,146,105,8,42,15,2,39,0,0,119,18,44,1.791759469228055,0.6931471805599453,3.367295829986474,3.1354942159291497,2.4849066497880004,3.2188758248682006,1.791759469228055,3.1354942159291497,3.1354942159291497,1.3862943611198906,1.3862943611198906,0.0,3.091042453358316,0
9,15,9,47,6,4,148,1,1,30,112,105,27,1,42,67,5,120,0,0,35,3,0,59,0,0,0.0,0.0,0.6931471805599453,3.5263605246161616,9.373733918884618,0.0,0.0,0.6931471805599453,6.220590170099739,0.0,0.0,0.0,3.5263605246161616,0
11,61,128,150,1,4,180,1,1,94,148,66,94,1,81,156,8,8,5,1,68,0,8,115,11,82,0.0,0.6931471805599453,2.70805020110221,1.3862943611198906,8.009363076630045,2.772588722239781,1.9459101490553132,1.791759469228055,4.990432586778736,0.0,1.3862943611198906,0.0,1.3862943611198906,0
16,1,125,53,6,6,66,1,1,22,63,20,51,1,162,163,8,52,0,0,45,0,2,112,0,0,0.0,0.6931471805599453,3.332204510175204,3.6635616461296463,7.313220387090301,4.30406509320417,2.70805020110221,3.58351893845611,5.598421958998375,0.0,1.6094379124341003,0.0,3.6635616461296463,1
0,19,12,99,1,2,164,1,0,30,61,108,36,1,155,78,5,39,5,1,139,3,1,1,1,26,0.0,1.791759469228055,3.8066624897703196,1.6094379124341003,9.404590499635411,0.0,0.0,1.6094379124341003,1.6094379124341003,0.0,0.0,0.0,1.6094379124341003,0
11,18,0,0,5,0,156,1,1,30,81,0,0,1,85,0,7,73,0,0,0,0,0,0,0,0,1.3862943611198906,1.0986122886681098,3.6375861597263857,4.477336814478207,5.25227342804663,4.51085950651685,1.3862943611198906,3.912023005428146,4.48863636973214,1.0986122886681098,1.0986122886681098,0.0,4.48863636973214,1
0,55,169,26,1,4,6,1,1,30,140,168,18,7,17,138,1,94,0,0,103,0,0,25,0,0,0.0,2.1972245773362196,2.1972245773362196,1.791759469228055,10.152727608571611,0.0,0.0,1.3862943611198906,1.791759469228055,0.0,0.0,0.0,1.791759469228055,0
0,11,29,104,8,4,60,1,1,124,89,25,21,1,7,80,4,24,5,2,100,0,0,95,1,37,0.0,0.0,3.58351893845611,1.6094379124341003,5.25227342804663,4.454347296253507,3.784189633918261,2.9444389791664403,5.181783550292085,0.0,1.3862943611198906,0.6931471805599453,2.1972245773362196,0
11,2,111,106,6,6,91,1,1,108,121,40,2,8,80,13,0,64,28,1,94,0,0,12,16,89,1.0986122886681098,0.6931471805599453,2.995732273553991,3.044522437723423,0.6931471805599453,3.044522437723423,1.0986122886681098,2.70805020110221,3.044522437723423,0.6931471805599453,0.6931471805599453,0.0,2.5649493574615367,1
21,89,81,21,6,0,73,1,1,42,46,86,113,7,93,106,0,35,19,1,82,0,0,35,7,16,0.6931471805599453,7.52294091807237,1.6094379124341003,0.0,3.367295829986474,0.0,0.6931471805599453,0.0,0.0,0.6931471805599453,0.6931471805599453,0.0,0.0,0
16,39,82,128,6,4,169,7,1,126,1,115,144,1,169,40,7,102,0,0,150,0,5,87,0,0,0.0,4.189654742026425,0.0,2.0794415416798357,9.24445190160495,4.219507705176107,0.6931471805599453,2.833213344056216,4.219507705176107,0.0,0.6931471805599453,0.0,2.0794415416798357,0
15,35,16,84,1,4,168,1,1,94,15,64,44,2,140,42,8,95,12,3,34,0,0,26,11,64,2.0794415416798357,5.10594547390058,3.5263605246161616,2.5649493574615367,4.442651256490317,4.1588830833596715,2.1972245773362196,2.995732273553991,2.9444389791664403,0.6931471805599453,1.0986122886681098,0.0,2.9444389791664403,0
11,10,41,134,1,4,28,1,1,135,104,32,81,9,135,128,3,117,39,2,71,0,2,97,15,75,0.0,2.3978952727983707,1.791759469228055,1.3862943611198906,9.0953783535065,4.23410650459726,1.0986122886681098,3.7612001156935624,5.1298987149230735,0.0,1.0986122886681098,0.0,1.3862943611198906,0
0,8,70,37,6,5,139,1,1,30,97,163,29,7,58,2,0,100,0,0,37,0,6,3,0,0,0.0,2.772588722239781,2.302585092994046,0.6931471805599453,9.930810848185018,0.0,0.0,2.5649493574615367,0.0,0.0,0.0,0.0,1.6094379124341003,0
11,13,107,93,1,3,40,7,1,125,109,9,11,7,104,116,8,69,33,3,29,0,0,64,11,12,0.0,-1.0,0.0,0.0,7.3395376954076745,4.7535901911063645,2.8903717578961645,3.044522437723423,5.6240175061873385,0.0,1.791759469228055,0.0,0.0,0
11,21,146,117,1,4,121,7,1,87,52,152,131,7,124,87,4,54,0,0,1,0,6,32,0,0,0.0,1.3862943611198906,0.0,1.791759469228055,7.560601162768557,3.1354942159291497,3.9318256327243257,1.791759469228055,4.59511985013459,0.0,1.6094379124341003,0.0,1.791759469228055,0
0,24,159,4,1,4,25,1,1,57,77,7,62,1,70,85,8,34,5,1,43,0,0,80,18,48,1.0986122886681098,0.0,1.9459101490553132,1.0986122886681098,4.2626798770413155,2.3978952727983707,5.517452896464707,0.6931471805599453,6.942156705699469,0.6931471805599453,3.4965075614664802,0.0,1.0986122886681098,0
0,18,88,9,1,0,17,1,1,30,17,74,20,8,136,119,1,27,0,0,134,0,0,12,0,0,0.0,0.6931471805599453,2.3978952727983707,1.9459101490553132,9.364433907313582,0.0,0.0,2.3978952727983707,1.9459101490553132,0.0,0.0,0.0,1.9459101490553132,1
0,9,76,48,1,4,181,1,1,90,65,3,78,1,113,101,8,89,0,0,57,0,0,70,0,0,2.5649493574615367,0.6931471805599453,0.6931471805599453,2.772588722239781,6.3080984415095305,3.2188758248682006,2.5649493574615367,2.9444389791664403,3.044522437723423,1.0986122886681098,1.0986122886681098,0.0,2.833213344056216,0
0,30,74,64,6,4,29,13,1,110,98,120,129,7,91,18,8,61,5,3,102,0,8,35,1,24,0.0,5.030437921392435,1.3862943611198906,1.3862943611198906,7.521859252201629,4.574710978503383,2.5649493574615367,1.9459101490553132,2.4849066497880004,0.0,0.6931471805599453,0.0,1.3862943611198906,1
0,38,103,92,5,0,76,17,1,4,6,68,163,5,52,36,8,70,5,3,133,0,0,77,5,10,0.0,0.6931471805599453,2.302585092994046,0.0,8.769040810858803,4.919980925828125,1.0986122886681098,1.9459101490553132,4.59511985013459,0.0,0.6931471805599453,0.0,1.0986122886681098,0
18,5,5,123,1,0,57,1,1,81,137,165,59,2,148,20,8,40,5,1,44,0,0,35,16,45,0.0,-1.0,0.0,0.0,9.93532530938488,0.0,0.0,1.791759469228055,2.1972245773362196,0.0,0.0,0.0,0.0,0
11,5,143,61,6,0,145,14,0,104,93,114,99,1,38,149,7,40,7,2,159,0,0,81,16,22,0.0,2.70805020110221,1.3862943611198906,1.0986122886681098,12.631461288657563,0.0,0.0,1.0986122886681098,4.663439094112067,0.0,0.0,0.0,1.0986122886681098,0
9,18,0,0,6,4,171,9,0,30,170,0,121,1,71,0,2,10,0,0,0,5,7,0,0,0,0.0,-1.0,0.0,0.0,0.0,0.0,0.0,0.0,0.0,0.0,0.0,0.0,0.0,0
0,91,64,125,4,4,2,7,1,49,37,135,10,2,61,32,8,86,5,2,155,0,2,69,17,14,0.6931471805599453,1.0986122886681098,1.9459101490553132,1.0986122886681098,2.1972245773362196,2.302585092994046,0.6931471805599453,1.0986122886681098,1.0986122886681098,0.6931471805599453,0.6931471805599453,0.0,1.0986122886681098,1
11,85,171,80,1,5,16,1,1,21,172,2,105,13,94,137,8,29,4,2,21,0,3,35,4,24,0.0,2.8903717578961645,3.5553480614894135,2.4849066497880004,7.487173694213739,3.9318256327243257,0.6931471805599453,3.258096538021482,4.634728988229636,0.0,0.6931471805599453,0.0,2.4849066497880004,0
0,35,94,17,6,4,82,1,1,13,14,101,48,7,69,28,0,95,21,3,65,0,6,14,11,3,0.0,0.6931471805599453,2.0794415416798357,2.1972245773362196,8.412277021466677,5.220355825078324,1.0986122886681098,1.6094379124341003,5.220355825078324,0.0,0.6931471805599453,0.0,3.8501476017100584,0
6,72,6,88,1,3,155,7,1,30,168,92,3,1,100,66,5,65,5,1,26,0,7,27,9,2,0.0,5.214935757608986,1.3862943611198906,1.3862943611198906,8.661985936317778,0.0,0.0,1.3862943611198906,2.302585092994046,0.0,0.0,0.0,1.3862943611198906,0
0,25,65,54,1,4,127,16,1,46,68,85,92,1,68,58,8,13,5,1,132,0,1,38,16,66,0.0,2.6390573296152584,1.3862943611198906,2.3978952727983707,3.8918202981106265,2.833213344056216,2.4849066497880004,2.3978952727983707,5.099866427824199,0.0,1.3862943611198906,0.0,1.9459101490553132,0
9,60,162,40,1,4,125,7,1,52,167,125,147,1,2,98,4,58,6,2,27,0,8,30,2,85,0.0,0.6931471805599453,3.258096538021482,3.1354942159291497,10.58215541183124,4.204692619390966,0.6931471805599453,3.367295829986474,4.110873864173311,0.0,0.0,0.0,3.4011973816621555,0
16,33,43,145,1,5,75,0,1,99,134,95,8,1,131,104,3,97,5,1,15,3,0,32,17,15,0.0,0.6931471805599453,2.6390573296152584,1.3862943611198906,8.638879709672837,3.912023005428146,1.3862943611198906,1.3862943611198906,4.0943445622221,0.0,0.6931471805599453,0.0,1.3862943611198906,0
0,18,132,5,1,0,95,1,1,30,106,31,101,1,47,131,7,33,0,0,73,0,0,72,0,0,0.0,0.6931471805599453,1.0986122886681098,1.0986122886681098,7.493317248862145,1.6094379124341003,0.6931471805599453,1.0986122886681098,1.0986122886681098,0.0,0.6931471805599453,0.0,1.0986122886681098,1
0,35,163,30,6,4,122,1,1,71,169,60,90,2,140,111,0,95,35,3,160,0,2,92,11,46,0.6931471805599453,1.0986122886681098,6.403574197934815,2.4849066497880004,1.0986122886681098,2.4849066497880004,1.0986122886681098,2.4849066497880004,2.4849066497880004,0.6931471805599453,1.0986122886681098,0.0,2.4849066497880004,1
21,30,79,55,6,6,118,1,1,24,90,134,50,1,150,92,8,61,13,3,86,5,0,35,1,24,2.302585092994046,0.6931471805599453,3.6888794541139363,1.9459101490553132,3.8918202981106265,2.70805020110221,2.6390573296152584,3.4339872044851463,4.23410650459726,1.0986122886681098,1.6094379124341003,0.0,1.9459101490553132,1
11,62,11,74,6,4,56,1,1,30,116,166,66,7,99,103,6,78,5,1,81,0,0,3,3,48,0.6931471805599453,2.5649493574615367,1.6094379124341003,1.0986122886681098,1.791759469228055,1.3862943611198906,3.258096538021482,2.995732273553991,4.736198448394496,0.6931471805599453,1.0986122886681098,1.0986122886681098,1.0986122886681098,0
19,19,2,58,1,4,7,1,1,48,43,8,95,1,165,59,8,36,5,2,124,0,2,113,16,67,0.0,0.0,3.091042453358316,1.791759469228055,7.960672608388117,0.0,0.0,3.4657359027997265,0.6931471805599453,0.0,0.0,0.0,3.4657359027997265,0
11,10,38,89,5,4,166,1,1,15,123,59,42,2,158,25,4,117,40,2,48,0,2,120,15,8,0.0,-1.0,4.204692619390966,3.4011973816621555,7.9865049385539955,4.477336814478207,4.248495242049359,3.58351893845611,4.418840607796598,0.0,1.791759469228055,0.0,3.4965075614664802,0
11,15,118,135,6,0,175,2,1,128,127,119,128,1,42,47,7,120,0,0,96,0,0,59,0,0,0.0,5.916202062607435,0.0,1.3862943611198906,5.8805329864007,0.0,0.0,1.6094379124341003,1.791759469228055,0.0,0.0,0.0,1.3862943611198906,1
25,50,160,6,1,2,147,4,1,78,120,110,102,1,63,14,4,85,18,3,91,3,2,41,18,71,0.0,5.472270673671475,0.6931471805599453,0.6931471805599453,8.438149984075784,3.9889840465642745,2.8903717578961645,2.833213344056216,5.60947179518496,0.0,0.6931471805599453,0.0,0.6931471805599453,0
6,39,117,128,1,4,135,15,1,92,128,118,111,7,16,89,8,102,0,0,140,0,6,87,0,0,0.0,0.0,1.0986122886681098,1.3862943611198906,9.242613932526478,6.47543271670409,2.4849066497880004,1.3862943611198906,4.852030263919617,0.0,1.3862943611198906,0.0,1.3862943611198906,0
0,18,8,13,1,4,64,1,1,3,12,88,55,7,78,91,8,41,0,0,14,0,0,54,0,0,0.0,1.3862943611198906,0.0,3.2188758248682006,7.5251007461258,3.6109179126442243,2.3978952727983707,2.302585092994046,5.170483995038151,0.0,1.0986122886681098,0.0,3.2188758248682006,1
0,6,82,128,5,5,146,1,1,30,55,115,116,1,122,40,3,18,0,0,150,0,1,87,0,0,1.6094379124341003,0.6931471805599453,1.0986122886681098,2.8903717578961645,2.0794415416798357,1.6094379124341003,1.6094379124341003,2.9444389791664403,2.9444389791664403,0.6931471805599453,0.6931471805599453,1.3862943611198906,1.3862943611198906,0
16,82,119,14,6,4,14,1,1,55,95,21,125,2,15,76,8,81,0,0,56,0,0,67,0,0,0.0,2.3978952727983707,0.6931471805599453,0.0,8.662504922576291,5.10594547390058,1.791759469228055,1.9459101490553132,5.081404364984463,0.0,1.791759469228055,0.0,1.791759469228055,0
1,13,24,101,1,5,143,6,1,30,36,28,97,2,34,125,5,69,41,2,89,5,7,93,16,63,0.0,1.0986122886681098,1.0986122886681098,1.3862943611198906,8.125630988477065,0.0,0.0,1.791759469228055,1.6094379124341003,0.0,0.0,0.0,1.3862943611198906,0
21,78,82,128,5,6,83,1,1,138,80,115,108,7,107,40,8,56,0,0,150,0,1,87,0,0,0.0,0.6931471805599453,2.0794415416798357,2.5649493574615367,8.010359588919783,4.844187086458591,1.791759469228055,3.7376696182833684,4.804021044733257,0.0,1.0986122886681098,0.0,2.5649493574615367,0
11,84,133,138,1,1,46,1,1,121,161,89,103,1,121,150,3,7,11,1,93,0,1,16,16,6,1.0986122886681098,0.6931471805599453,1.3862943611198906,0.6931471805599453,4.1588830833596715,0.6931471805599453,3.091042453358316,1.0986122886681098,4.6913478822291435,1.0986122886681098,2.302585092994046,1.0986122886681098,0.6931471805599453,1
0,34,57,120,1,4,162,1,1,28,144,139,74,1,48,22,1,51,5,3,98,0,2,11,16,57,0.0,0.6931471805599453,1.3862943611198906,0.6931471805599453,6.335054251498059,0.0,0.0,1.791759469228055,1.3862943611198906,0.0,0.0,0.0,0.6931471805599453,0
0,84,142,22,1,6,46,1,1,60,27,116,103,1,121,56,7,7,36,2,135,3,1,103,1,38,0.0,0.6931471805599453,1.6094379124341003,1.0986122886681098,9.069352678675205,2.4849066497880004,0.6931471805599453,1.3862943611198906,2.0794415416798357,0.0,0.6931471805599453,0.0,1.0986122886681098,0
0,86,134,56,0,4,157,7,1,16,107,71,162,7,166,27,8,107,0,0,78,5,0,48,0,0,2.1972245773362196,0.6931471805599453,1.3862943611198906,2.70805020110221,5.863631175598097,3.9318256327243257,2.1972245773362196,3.58351893845611,3.6375861597263857,0.6931471805599453,0.6931471805599453,0.0,2.9444389791664403,0
0,31,101,137,0,4,152,10,1,30,133,12,38,1,112,60,7,125,5,1,40,0,8,43,8,72,0.0,-1.0,0.0,0.0,7.243512974665482,0.0,0.6931471805599453,0.0,0.0,0.0,0.6931471805599453,0.0,0.0,1
9,49,108,20,1,3,44,1,1,30,71,46,165,12,86,140,8,92,34,3,142,0,0,4,2,32,0.0,4.31748811353631,1.3862943611198906,1.6094379124341003,9.797682493639151,3.4965075614664802,2.4849066497880004,2.302585092994046,4.59511985013459,0.0,2.3978952727983707,0.0,1.6094379124341003,1
0,57,14,38,3,4,111,1,1,68,39,23,76,7,20,102,8,55,5,1,6,0,8,90,14,19,0.0,3.6635616461296463,2.70805020110221,3.8501476017100584,8.768263145371286,6.790097235513905,2.5649493574615367,2.302585092994046,6.760414691083428,0.0,0.6931471805599453,0.0,3.8501476017100584,0
0,59,146,117,1,4,160,1,1,23,152,152,17,1,37,87,0,0,0,0,1,0,0,32,0,0,0.0,0.6931471805599453,0.0,1.0986122886681098,9.581697010450897,6.79794041297493,1.3862943611198906,2.0794415416798357,4.07753744390572,0.0,0.6931471805599453,0.0,1.0986122886681098,0
0,83,30,72,1,6,110,1,1,27,151,167,132,1,132,24,8,88,0,0,166,5,8,121,0,0,0.0,2.70805020110221,2.772588722239781,2.4849066497880004,8.32093496888341,4.836281906951478,1.6094379124341003,3.58351893845611,4.718498871295094,0.0,0.6931471805599453,0.0,2.70805020110221,0
0,5,114,76,1,0,141,7,1,118,30,150,69,1,87,132,8,45,37,1,60,0,0,12,16,59,0.0,2.9444389791664403,3.1780538303479458,0.0,10.646019958276817,0.0,0.0,0.0,0.0,0.0,0.0,0.0,0.0,1
0,18,161,91,1,5,163,1,1,73,117,103,157,7,123,77,8,23,0,0,80,0,6,24,0,0,0.6931471805599453,1.0986122886681098,4.343805421853684,1.6094379124341003,0.0,1.6094379124341003,0.6931471805599453,1.6094379124341003,1.6094379124341003,0.6931471805599453,0.6931471805599453,0.0,1.6094379124341003,1
16,5,91,102,1,0,22,1,1,58,56,98,145,4,95,135,7,40,22,2,127,0,1,75,16,53,0.6931471805599453,0.0,3.4011973816621555,1.791759469228055,3.713572066704308,1.791759469228055,0.6931471805599453,1.791759469228055,1.791759469228055,0.6931471805599453,0.6931471805599453,0.0,1.791759469228055,0
6,30,123,108,1,5,161,1,1,2,156,69,39,7,91,31,3,61,5,2,110,0,1,35,1,54,0.6931471805599453,7.980023592310645,0.0,0.0,3.8918202981106265,2.8903717578961645,3.044522437723423,2.3978952727983707,4.442651256490317,0.6931471805599453,1.0986122886681098,0.6931471805599453,0.0,0
3,18,45,81,1,4,33,7,1,30,60,132,164,7,105,34,5,84,0,0,24,3,7,65,0,0,0.0,4.02535169073515,2.3978952727983707,2.5649493574615367,5.703782474656201,0.0,0.0,3.1780538303479458,3.295836866004329,0.0,0.0,0.0,3.295836866004329,0
0,5,54,119,1,5,117,1,1,119,165,24,142,12,62,35,8,40,14,3,167,5,0,6,16,86,1.0986122886681098,2.1972245773362196,1.9459101490553132,1.3862943611198906,1.791759469228055,1.3862943611198906,3.258096538021482,2.4849066497880004,6.583409222158765,0.6931471805599453,1.9459101490553132,0.0,1.3862943611198906,0
11,44,115,6,1,4,165,1,1,59,3,27,86,1,19,158,8,116,5,3,51,5,2,41,16,71,0.6931471805599453,6.202535517187923,5.049856007249537,1.0986122886681098,0.6931471805599453,0.0,2.1972245773362196,2.0794415416798357,3.828641396489095,0.6931471805599453,2.0794415416798357,0.0,0.0,1
0,18,22,112,1,4,167,1,0,30,73,77,120,7,46,83,8,119,0,0,69,0,7,7,0,0,0.0,3.58351893845611,0.0,0.0,12.588081459824195,0.0,0.0,2.0794415416798357,0.0,0.0,0.0,0.0,0.0,0
0,76,146,117,1,4,12,1,1,66,91,152,71,8,50,87,8,26,0,0,1,0,2,32,0,0,0.0,2.1972245773362196,2.1972245773362196,2.5649493574615367,10.580098764455974,7.507141079727608,0.0,2.995732273553991,5.765191102784844,0.0,0.0,0.0,2.5649493574615367,0
0,44,136,42,3,4,123,2,1,8,28,109,12,13,115,112,8,116,5,2,8,0,0,124,4,42,1.791759469228055,0.0,0.6931471805599453,0.0,4.532599493153256,0.0,1.791759469228055,0.0,0.0,0.6931471805599453,0.6931471805599453,0.0,0.0,0
11,74,3,148,6,3,88,0,1,100,51,13,77,1,56,108,8,96,41,2,131,2,0,40,4,79,0.0,0.0,0.6931471805599453,0.0,9.856867531900901,2.4849066497880004,2.4849066497880004,0.0,4.499809670330265,0.0,1.0986122886681098,0.0,0.0,1
22,78,82,128,1,6,112,2,0,30,166,115,161,1,97,40,7,16,0,0,150,0,1,87,0,0,0.0,5.517452896464707,0.6931471805599453,0.6931471805599453,11.285033156133814,0.0,0.0,0.6931471805599453,0.0,0.0,0.0,0.0,0.6931471805599453,0
0,46,156,76,6,0,69,1,1,101,150,57,52,7,109,113,8,1,5,1,83,0,0,12,16,60,0.0,0.0,1.3862943611198906,1.0986122886681098,8.055475141757274,3.091042453358316,1.6094379124341003,1.3862943611198906,3.2188758248682006,0.0,1.0986122886681098,0.0,1.0986122886681098,0
16,56,148,95,1,4,58,2,1,5,139,160,93,7,114,53,7,11,20,2,31,3,0,23,16,41,0.0,0.0,2.3978952727983707,1.0986122886681098,10.638424259406456,4.442651256490317,0.0,1.791759469228055,3.912023005428146,0.0,0.0,0.0,1.0986122886681098,0
16,75,112,83,6,2,84,1,1,30,160,117,31,1,11,117,8,44,0,0,144,0,2,111,0,0,1.6094379124341003,-1.0,1.9459101490553132,1.9459101490553132,6.771935555839602,3.4657359027997265,3.6375861597263857,3.7612001156935624,5.814130531825066,0.6931471805599453,2.833213344056216,0.0,1.9459101490553132,1
11,16,15,28,6,5,113,1,0,115,108,22,5,4,128,50,4,122,0,0,55,0,1,12,0,0,0.0,3.6635616461296463,0.0,0.0,10.673734653476922,6.523562306149512,0.0,1.0986122886681098,3.044522437723423,0.0,0.0,0.0,0.0,0
0,18,116,8,1,5,164,5,0,141,61,100,36,1,59,133,8,63,0,0,95,3,1,73,0,0,0.0,0.0,1.9459101490553132,1.9459101490553132,11.728262625548346,0.0,0.0,1.791759469228055,2.995732273553991,0.0,0.0,0.0,1.9459101490553132,0
9,18,124,114,1,4,0,1,1,76,48,146,88,2,168,159,8,98,0,0,52,0,0,9,0,0,1.0986122886681098,1.9459101490553132,0.0,0.0,5.707110264748875,3.258096538021482,1.0986122886681098,3.258096538021482,4.23410650459726,0.6931471805599453,0.6931471805599453,0.0,0.0,1
9,18,32,39,1,4,61,7,0,30,48,126,88,1,134,11,7,118,0,0,50,0,1,76,0,0,0.0,3.332204510175204,0.0,0.0,11.634071727522182,7.653020413804189,0.0,1.0986122886681098,4.564348191467836,0.0,0.0,0.0,0.0,0
0,23,31,36,1,0,20,1,1,86,19,16,106,1,153,55,4,80,5,1,128,0,8,12,16,17,0.0,8.007034012193408,1.0986122886681098,0.0,8.050384453067021,3.871201010907891,0.6931471805599453,0.0,0.6931471805599453,0.0,0.6931471805599453,0.0,0.0,0
11,24,159,4,1,4,25,7,1,57,77,7,62,2,75,85,8,34,5,1,43,0,0,80,18,48,0.0,5.19295685089021,1.791759469228055,0.6931471805599453,7.289610521451167,1.9459101490553132,4.2626798770413155,1.9459101490553132,2.833213344056216,0.0,2.3978952727983707,0.0,1.3862943611198906,1
16,56,37,141,1,3,58,1,1,5,139,123,93,1,111,109,8,11,42,2,119,0,0,57,12,81,0.0,0.6931471805599453,2.0794415416798357,1.0986122886681098,7.976251943745623,1.0986122886681098,5.71042701737487,1.3862943611198906,4.007333185232471,0.0,2.772588722239781,0.0,1.0986122886681098,1
9,73,0,0,1,4,115,8,1,43,142,0,104,7,118,0,8,83,0,0,0,5,0,0,0,0,0.0,0.0,2.1972245773362196,1.9459101490553132,4.836281906951478,4.812184355372417,1.791759469228055,3.5553480614894135,4.68213122712422,0.0,1.3862943611198906,0.0,3.2188758248682006,0
11,5,62,16,1,1,65,1,1,75,30,151,69,8,21,64,4,40,30,2,122,0,1,89,16,23,0.0,0.0,1.791759469228055,1.9459101490553132,8.773694146384443,4.543294782270004,2.995732273553991,2.0794415416798357,3.6375861597263857,0.0,0.6931471805599453,0.6931471805599453,2.0794415416798357,0
0,15,48,87,1,4,120,1,1,51,26,133,104,1,42,166,4,120,0,0,10,3,0,109,0,0,0.0,1.0986122886681098,0.6931471805599453,2.4849066497880004,7.659171367666058,4.382026634673881,1.9459101490553132,1.0986122886681098,4.74493212836325,0.0,1.3862943611198906,0.6931471805599453,2.4849066497880004,1
9,37,0,0,1,4,178,1,1,29,157,0,114,1,149,0,8,104,0,0,0,0,0,0,0,0,0.0,2.8903717578961645,1.791759469228055,2.0794415416798357,8.746557354543503,0.0,0.0,3.7612001156935624,0.6931471805599453,0.0,0.0,0.0,3.58351893845611,0
11,5,86,144,5,0,17,1,1,30,17,4,20,2,148,146,5,40,1,2,18,0,0,39,18,84,0.0,1.0986122886681098,3.1780538303479458,3.044522437723423,5.003946305945459,0.0,0.0,3.044522437723423,3.044522437723423,0.0,0.0,0.0,3.044522437723423,0
0,51,20,75,1,4,182,1,0,123,66,78,139,2,26,127,8,99,5,1,61,0,4,100,16,52,0.0,2.995732273553991,6.284134161070802,2.0794415416798357,11.034389538985547,0.0,0.0,2.0794415416798357,1.0986122886681098,0.0,0.0,0.0,2.0794415416798357,0
0,0,66,107,1,4,10,15,1,11,87,6,73,2,53,49,0,74,5,1,30,5,0,118,17,48,0.0,0.0,4.736198448394496,1.3862943611198906,8.01862546504575,6.3561076606958915,1.0986122886681098,1.3862943611198906,5.3706380281276624,0.0,0.6931471805599453,0.0,1.3862943611198906,0
21,64,44,65,1,6,4,2,1,9,130,96,57,1,106,1,1,25,0,0,138,0,0,68,0,0,0.0,0.6931471805599453,0.6931471805599453,0.6931471805599453,7.382746449738912,2.5649493574615367,0.6931471805599453,2.5649493574615367,2.772588722239781,0.0,0.6931471805599453,0.0,2.5649493574615367,1
0,5,153,143,1,0,141,1,1,118,30,128,69,13,23,4,4,40,17,2,41,0,0,12,16,11,0.6931471805599453,0.0,1.9459101490553132,1.3862943611198906,0.0,0.0,2.995732273553991,1.3862943611198906,1.3862943611198906,0.6931471805599453,2.302585092994046,0.0,0.0,1
0,84,84,41,5,4,27,1,1,96,110,67,63,1,121,75,4,7,18,1,123,0,0,10,16,49,0.0,3.1354942159291497,1.9459101490553132,3.1354942159291497,5.318119993844216,5.0369526024136295,4.394449154672439,2.9444389791664403,6.2324480165505225,0.0,2.4849066497880004,0.0,3.1354942159291497,0
21,68,0,0,5,0,19,1,1,61,149,0,14,1,24,0,7,72,0,0,0,0,0,0,0,0,0.6931471805599453,-1.0,0.0,0.0,4.9344739331306915,0.0,0.6931471805599453,0.0,0.0,0.6931471805599453,0.6931471805599453,0.0,0.0,0
